Name,Price,Total_volume,Calories,Total Fat,Saturated Fat,Trans Fat,Cholesterol,Sodium,Total Carbohydrate,Dietary Fiber,Total Sugars,Includes,Protein,Vitamin D,Calcium,Iron,Potassium,Added Sugars,Insoluble Fiber,Vitamin C,Polyunsaturated Fat,Monounsaturated Fat,Soluble Fiber,Incoudes,Sugars,Vitamin A,Sugars 0g,Fiber,Inculdes,Calckum,Incudes
Roti with Thai Red Curry,$4.29,10.57 Oz,830 ,53 g,18 g,0 g,0 mg,670 mg,78 g,5 g,9 g,8 g Added Sugars,11 g,0.0 mcg,40 mg,1.6 mg,480 mg,,,,,,,,,,,,,,
Sourdough Boules,$2.99,14 Oz,120 ,0.5 g,0 g,0 g,0 mg,310 mg,24 g,less than 1g,0 g,0 g Added Sugars,4 g,0.0 mcg,10 mg,1.5 mg,40 mg,,,,,,,,,,,,,,
Rainbow's End Trail Mix Bars,$4.99,1.41 Oz,200 ,13 g,2.5 g,0 g,0 mg,95 mg,18 g,2 g,12 g,10 g Added Sugars,6 g,0.0 mcg,40 mg,1.0 mg,180 mg,,,,,,,,,,,,,,
Mushroom Risotto,$3.79,16 Oz,160 ,5.0 g,1.5 g,0 g,less than 5 mg,460 mg,26 g,less than 1 g,less than 1 g,0 g Added Sugars,3 g,0.0 mcg,40 mg,0.2 mg,100 mg,,,,,,,,,,,,,,
Organic Tuscan Kale,$2.79,10 Oz,,,,,,,,,,,,,,,,,,,,,,,,,,,,,
Fully Cooked Uncured Bacon,$1.79,3.25 Oz,100,7 g,2.5 g,0 g,20 mg,470 mg,0 g,0 g,0 g,0 g Added Sugar,7 g,0.0 mcg,1 mg,0.1 mg,25 mg,,,,,,,,,,,,,,
Sea Salt Chocolate Chunk Cookies,$1.79,10.58 Oz,210 ,9 g,5.0 g,0 g,25 mg,180 mg,32 g,2 g,20 g,20 g Added Sugars,3 g,0.7 mcg,20 mg,1.3 mg,30 mg,,,,,,,,,,,,,,
Gluten Free Chocolate Chunk Cookies,$1.79,10.58 Oz,220 ,11 g,6 g,0 g,30 mg,210 mg,29 g,1 g,16 g,16 g Added Sugars,2 g,0.8 mcg,30 mg,1.4 mg,100 mg,,,,,,,,,,,,,,
Nuts About Elote Mix,$4.49,9 Oz,140 ,8 g,1.0 g,0 g,0 mg,300 mg,14 g,1 g,less than 1 g,0 g Added Sugars,3 g,0.0 mcg,10 mg,1.1 mg,100 mg,,,,,,,,,,,,,,
Cinnamon Sugar Cashews,$4.99,10 Oz,180 ,12 g,2.0 g,0 g,0 mg,55 mg,11 g,1 g,5 g,4 g Added Sugars,5 g,0.0 mcg,20 mg,1.5 mg,160 mg,,,,,,,,,,,,,,
"Thick, Bold & Spicy Red Sauce",$3.99,16 Oz,100 ,8 g,1.0 g,0 g,0 mg,470 mg,8 g,1 g,5 g,2 g Added Sugars,1 g,0.0 mcg,20 mg,0.6 mg,270 mg,,,,,,,,,,,,,,
Halloween Sprinkle,$1.99,3.5 Oz,15 ,0 g,0 g,0 g,0 mg,0 mg,4 g,0 g,4 g,4 g Added Sugars,0 g,0.0 mcg,0 mg,0.0 mg,0 mg,,,,,,,,,,,,,,
Enchilada Sauce,$4.49,24 Oz,30 ,0.5 g,0 g,0 g,0 mg,420 mg,5 g,less than 1g,2 g,less than 1 g Added Sugars,less than 1g,0.0 mcg,10 mg,0.3 mg,150 mg,,,,,,,,,,,,,,
Thai Style Peanut Dressing,$3.99,12 Fl Oz,120 ,7 g,1.0 g,0 g,0 mg,220 mg,11 g,less than 1g,10 g,9 g Added Sugars,2 g,0.0 mcg,10 mg,0.4 mg,90 mg,,,,,,,,,,,,,,
Coffee Panna Cotta,$3.49,7.04 Oz,230 ,15 g,10 g,0 g,90 mg,200 mg,22 g,0 g,19 g,17 g Added Sugars,3 g,5.1 mcg,100 mg,0.0 mg,140 mg,,,,,,,,,,,,,,
Organic Coconut Crunchy Clusters,$2.99,5.3 Oz,210 ,16 g,14 g,0 g,0 mg,80 mg,15 g,3 g,10 g,7 g Added Sugars,3 g,0.0 mcg,20 mg,0.8 mg,190 mg,,,,,,,,,,,,,,
Hoisin Sauce,$1.99,10.23 Oz,90 ,1.0 g,0 g,0 g,0 mg,860 mg,19 g,0 g,17 g,,less than 1 g,0.0 mcg,40 mg,0.4 mg,90 mg,15 g Added Sugars,,,,,,,,,,,,,
Chile Lime Flavored Fried Pork Rinds,$2.49,3 Oz,70 ,4.0 g,1.5 g,0 g,15 mg,330 mg,0 g,0 g,0 g,0 g Added Sugars,9 g,0.0 mcg,10 mg,0.2 mg,30 mg,,,,,,,,,,,,,,
Organic Farfalline Pasta,$1.99,1 Lb,200 ,0.5 g,0 g,0 g,0 mg,0 mg,40 g,2 g,1 g,0 g Added Sugars,7 g,0.0 mcg,10 mg,0.6 mg,140 mg,,,,,,,,,,,,,,
Sugar Bee® Apples,$4.49,2 Lb,,,,,,,,,,,,,,,,,,,,,,,,,,,,,
Caesar Broccoli Bake Kit,$4.99,14.15 Oz,170 ,14 g,2.5 g,0 g,15 mg,350 mg,9 g,2 g,2 g,0 g Added Sugars,4 g,0.1 mcg,80 mg,0.7 mg,240 mg,,,,,,,,,,,,,,
Limone Premuto Extra Virgin Olive Oil,$7.99,8.45 Fl Oz,120 ,13 g,2.0 g,0 g,0 mg,0 mg,0 g,0 g,0 g,0 g Added Sugars,0 g,0.0 mcg,0 mg,0.0 mg,0 mg,,,,,,,,,,,,,,
Double Fold Alcohol Free Bourbon Vanilla Flavoring,$7.99,3.55 Fl Oz,,,,,,,,,,,,,,,,,,,,,,,,,,,,,
Chile Seasoned Dried Mango,$4.99,6 Oz,130 ,0 g,0 g,0 g,0 mg,120 mg,31 g,3 g,16 g,0 g Added Sugars,less than 1g,0.0 mcg,40 mg,0.5 mg,260 mg,,,,,,,,,,,,,,
Dark Chocolate Chips No Sugar Added,$3.99,8 Oz,120 ,11 g,7 g,0 g,0 mg,0 mg,16 g,2 g,0 g,0 g Added Sugars,2 g,0.0 mcg,20 mg,0.3 mg,110 mg,,,,,,,,,,,,,,
Organic Pasture Raised Large Brown Eggs,$6.79,1 Doz,,,,,,,,,,,,,,,,,,,,,,,,,,,,,
Delicata Squash,$1.49,1 Each,,,,,,,,,,,,,,,,,,,,,,,,,,,,,
Pumpkin & Spice Snickerdoodle Cookie Mix,$3.99,17.57 Oz,80 ,0 g,0 g,0 g,0 mg,85 mg,19 g,0 g,11 g,11 g Added Sugars,1 g,0.0 mcg,10 mg,0.6 mg,50 mg,,,,,,,,,,,,,,
Chicken Uncured Bacon Ranch Dip,$5.49,12 Oz,90 ,8 g,3.0 g,0 g,20 mg,180 mg,1 g,0 g,less than 1g,0 g Added Sugars,3 g,0.1 mcg,50 mg,0.1 mg,80 mg,,,,,,,,,,,,,,
Sweet Chili Mango Complete Salad Kit,$3.99,11.25 Oz,130 ,6 g,0.5 g,0 g,0 mg,240 mg,18 g,3 g,9 g,6 g Added Sugars,3 g,0.0 mcg,50 mg,1.2 mg,280 mg,,,,,,,,,,,,,,
Spaghetti Squash,$2.99,1 Each,,,,,,,,,,,,,,,,,,,,,,,,,,,,,
Sugar Bee® Apple,$1.29,1 Each,,,,,,,,,,,,,,,,,,,,,,,,,,,,,
10 Minute Farro,$1.99,8.8 Oz,170 ,1.0 g,0 g,0 g,less than 5 mg,0 mg,34 g,2 g,0 g,0 g Added Sugars,5 g,0.0 mcg,10 mg,2 mg,170 mg,,,,,,,,,,,,,,
Savory Squash Pastry Bites,$5.49,9 Oz,220 ,14 g,8 g,0 g,40 mg,280 mg,19 g,1 g,2 g,less than 1g Added Sugars,5 g,0.0 mcg,70 mg,1.5 mg,70 mg,,,,,,,,,,,,,,
Caramelized Onion Goat's Milk Cheese,$2.99,4 Oz,70 ,4.5 g,3.0 g,0 g,0 mg,0 mg,5 g,0 g,4 g,,4 g,,,,,3 g Added Sugars,,,,,,,,,,,,,
Fall Leaf Corn Tortilla Chips,$3.99,14 Oz,130 ,7 g,0.5 g,0 g,0 mg,65 mg,17 g,2 g,Less than 1 g,0 g Added Sugars,2 g,0 mcg,0 mg,0.6 mg,100 mg,,,,,,,,,,,,,,
Crunchy Pops,$2.49,5 Oz,110,3.5g,0g,0g,0mg,260mg,19g,0g,0g,0g Added Sugars,1g,0.0mcg,50mg,0.3mg,40mg,,,,,,,,,,,,,,
Sweet Potato Habanero Hot Sauce,$2.99,5 Fl Oz,0 ,0 g,0 g,0 g,0 mg,10 mg,less than 1 g,0 g,0 g,,0 g,0.0 mcg,0 mg,0.0 mg,10 mg,0 g Added Sugars,,,,,,,,,,,,,
Pizza Sauce,$1.99,14 Oz,30 ,0 g,0 g,0 g,0 mg,310 mg,6 g,2 g,4 g,less than 1 g Added Sugars,1 g,0.0 mcg,10 mg,0.4 mg,280 mg,,,,,,,,,,,,,,
Gluten Free Cheese Pizza,$5.49,11.6 Oz,390 ,16 g,10 g,0 g,55 mg,750 mg,44 g,2 g,6 g,2 g Added Sugars,17 g,0.2 mcg,390 mg,0.9 mg,330 mg,,,,,,,,,,,,,,
Freeze Dried Tart Cherries,$3.99,1.2 Oz,130 ,0 g,0 g,0 g,0 mg,5 mg,32 g,less than 1 g,21 g,0 g Added Sugars,1 g,0.0 mcg,20 mg,0.4 mg,160 mg,,,,,,,,,,,,,,
Dark Chocolate Ganache Mini Sheet Cake,$4.99,18 Oz,310 ,16 g,6 g,0 g,40 mg,270 mg,42 g,1 g,32 g,32 g Added Sugars,3 g,,,,,,,,,,,,,,,,,,
Chantilly Cream Vanilla Bean Mini Sheet Cake,$4.99,18 Oz,340 ,19 g,8 g,0 g,50 mg,250 mg,43 g,0 g,34 g,34 g Added Sugars,2 g,0.2 mcg,20 mg,0.6 mg,30 mg,,,,,,,,,,,,,,
Pound Plus Milk Chocolate Bar,$6.99,17.6 Oz,140,8 g,4.5 g,0 g,less than 5 mg,15 mg,15 g,less than 1 g,14 g,13 g Added Sugars,1 g,0.3 mcg,40 mg,1.2 mg,90 mg,,,,,,,,,,,,,,
Pound Plus Milk Chocolate Bar with Almonds,$6.99,17.6 Oz,140,8 g,4.0 g,0 g,less than 5 mg,10 mg,14 g,3 g,12 g,11 g Added Sugars,3 g,0 mcg,50 mg,0.7 mg,110 mg,,,,,,,,,,,,,,
Pound Plus 72% Cacao Dark Chocolate,$6.99,17.6 Oz,130,10 g,6 g,0 g,0 mg,0 mg,10 g,4 g,7 g,7 g Added Sugars,2 g,0.4 mcg,10 mg,5.1 mg,220 mg,,,,,,,,,,,,,,
Chile Crackers,$2.99,5 Oz,120 ,3.0 g,0.5 g,0 g,0 mg,780 mg,18 g,less than 1g,2 g,less than 1 g Added Sugars,3 g,0.0 mcg,0 mg,0.1 mg,30 mg,,,,,,,,,,,,,,
Black Beans,$0.89,15.5 Oz,110 ,0 g,0 g,0 g,0 mg,450 mg,18 g,4 g,less than 1 g,0 g Added Sugars,6 g,0.0 mcg,40 mg,1.4 mg,420 mg,,,,,,,,,,,,,,
"Crispy, Crunchy Coated Peanuts",$2.79,8 Oz,130 ,4.5 g,1.0 g,0 g,0 mg,55 mg,20 g,less than 1 g,5 g,4 g Added Sugars,4 g,0.0 mcg,10 mg,0.6 mg,90 mg,,,,,,,,,,,,,,
Unexpected Cheddar Cheese & Turkey Sausage Egg White Bites,$3.49,4.2 Oz,180 ,9 g,6 g,0 g,30 mg,520 mg,7 g,0 g,0 g,0 g Added Sugars,17 g,2.5 mcg,140 mg,0.3 mg,70 mg,,,,,,,,,,,,,,
Sliced Seedy Multigrain Bread,$3.49,16 Oz,160,5g,0.5g,0g,0mg,290mg,22g,3g,less than 1g,0g Added Sugars,6g,0mcg,20mg,1.8mg,100mg,,,,,,,,,,,,,,
Ranch Seasoned Cashews,$3.99,8 Oz,180 ,15 g,2.5 g,0 g,0 mg,100 mg,10 g,1 g,2 g,0 g Added Sugars,5 g,0.0 mcg,20 mg,1.9 mg,200 mg,,,,,,,,,,,,,,
Everything but the Kitchen Sink Cookie Mix,$4.49,15 Oz,100 ,3.0 g,1.0 g,0 g,0 mg,110 mg,17 g,less than 1g,8 g,8 g Added Sugars,2 g,0.0 mcg,10 mg,0.7 mg,50 mg,,,,,,,,,,,,,,
Spicy Squiggly Knife Cut Noodles,$4.99,15.9 Oz,460,15 g,2.0 g,0 g,0 mg,700 mg,66 g,3 g,8 g,6 g Added Sugars,15 g,0.0 mcg,100 mg,1.5 mg,210 mg,,,,,,,,,,,,,,
Coffee Mochi,$4.99,6.8 Oz,70 ,2.0 g,1.0 g,0 g,5 mg,10 mg,12 g,0 g,9 g,5 g Added Sugars,less than 1 g,0.1 mcg,20 mg,0.1 mg,30 mg,,,,,,,,,,,,,,
Gluten Free Chocolate Chip Cookies,$4.99,7 Oz,140 ,7 g,5.0 g,0 g,20 mg,115 mg,19 g,0 g,11 g,10 g Added Sugars,less than 1 g,0.0 mcg,10 mg,0.3 mg,30 mg,,,,,,,,,,,,,,
Turkey Chili with Beans,$2.69,15 Oz,250 ,7 g,2.0 g,0 g,30 mg,790 mg,31 g,15 g,8 g,2 g Added Sugars,17 g,0.0 mcg,120 mg,7.2 mg,150 mg,,,,,,,,,,,,,,
Chicken Sausage Breakfast Bowl,$4.29,7 Oz,380 ,27 g,11 g,0 g,400 mg,690 mg,3 g,less than 1 g,0 g,0 g Added Sugars,32 g,1.4 mcg,300 mg,2.6 mg,260 mg,,,,,,,,,,,,,,
Gluten Free Blueberry Muffins,$5.99,14 Oz,320 ,16 g,3.0 g,0 g,60 mg,250 mg,41 g,less than 1g g,22 g,,4 g,0.4 mcg,90 mg,0.7 mg,90 mg,21 g Added Sugars,,,,,,,,,,,,,
Kumato Brown Tomatoes,$3.69,16 Oz,,,,,,,,,,,,,,,,,,,,,,,,,,,,,
Yellow Squash,$2.29,16 Oz,,,,,,,,,,,,,,,,,,,,,,,,,,,,,
Organic Silver Dollar Pancakes,$3.29,11.64 Oz,240 ,5 g,1.0 g,0 g,25 mg,300 mg,42 g,3 g,8 g,7 g Added Sugars,6 g,0.1 mcg,50 mg,0.9 mg,110 mg,,,,,,,,,,,,,,
Tikka Masala Curry Sauce,$2.29,8.8 Oz,180 ,14 g,2.0 g,0 g,0 mg,400 mg,11 g,2 g,5 g,0 g Added Sugars,6 g,0.0 mcg,50 mg,2.2 mg,370 mg,,,,,,,,,,,,,,
Pita Chips,$2.49,6 Oz,130 ,3.0 g,0 g,0 g,0 mg,150 mg,20 g,less than 1 g,less than 1 g,0 g Added Sugars,4 g,0.0 mcg,10 mg,0.4 mg,40 mg,,,,,,,,,,,,,,
Italian Whole Peeled Tomatoes with Basil Leaf,$2.99,28 Oz,35 ,0 g,0 g,0 g,0 mg,45 mg,7 g,2 g,6 g,0 g Added Sugars,2 g,0.0 mcg,20 mg,0.6 mg,230 mg,,,,,,,,,,,,,,
Eliros Extra Virgin Olive Oil,$14.99,33.8 Fl Oz,,,,,,,,,,,,,,,,,,,,,,,,,,,,,
Dark Chocolate Dipped French Butter Cookies,$2.99,4.76 Oz,140 ,7 g,4.5 g,0 g,10 mg,30 mg,17 g,1 g,9 g,9 g Added Sugars,2 g,0.5 mcg,10 mg,2.2 mg,80 mg,,,,,,,,,,,,,,
Yuzu Miso Topping & Spread,$3.99,7.37 Oz,50 ,0 g,0 g,0 g,0 mg,180 mg,11 g,less than 1 g,9 g,8 g Added Sugars,less than 1 g,0.0 mcg,10 mg,0.1 mg,10 mg,,,,,,,,,,,,,,
Crunchy Jicama Slaw,$4.99,11.5 Oz,120 ,7 g,1.0 g,0 g,0 mg,200 mg,11 g,4 g,5 g,3 g Added Sugars,3 g,0.0 mcg,20 mg,0.7 mg,280 mg,,,,,,,,,,,,,,
Simply Amazing Soft Dried Apricots,$4.79,1 Lb,90 ,0 g,0 g,0 g,0 mg,0 mg,22 g,3 g,21 g,0 g Added Sugars,1 g,0.0 mcg,30 mg,0.4 mg,430 mg,,,,,,,,,,,,,,
Vanilla Bean Whole Milk Greek Yogurt,$5.49,32 Oz,180 ,7 g,4.5 g,0 g,30 mg,65 mg,17 g,0 g,14 g,10 g Added Sugars,12 g,0.0 mcg,130 mg,0.1 mg,180 mg,,,,,,,,,,,,,,
Cracker Assortment,$3.99,13.8 Oz,80,3.5 g,0 g,0 g,0 mg,160 mg,10 g,0 g,1 g,less than 1 g Added Sugars,less than 1 g,0.0 mcg,10 mg,0.5 mg,20 mg,,,,,,,,,,,,,,
Pumpkin Butter,$2.99,10 Oz,40 ,0 g,0 g,0 g,0 mg,0 mg,10 g,0 g,9 g,9 g Added Sugars,0 g,0.0 mcg,0 mg,0.1 mg,0 mg,,,,,,,,,,,,,,
Caesar Salad with White Chicken Meat,$4.99,9 Oz,160,11 g,1.5 g,0 g,20 mg,380 mg,10 g,1 g,2 g,0 g Added Sugars,7 g,0.0 mcg,50 mg,0.8 mg,130 mg,,,,,,,,,,,,,,
Meyer Lemon Cookie Thins,$4.49,9 Oz,110 ,4.0 g,1.5 g,0 g,5 mg,115 mg,17 g,0 g,9 g,9 g Added Sugars,1 g,0.0 mcg,0 mg,0.7 mg,0 mg,,,,,,,,,,,,,,
Pizza Seasoned Crackers,$2.49,4.22 Oz,110 ,3.5 g,0 g,0 g,0 mg,410 mg,16 g,less than 1 g,less than 1 g,0 g Added Sugars,2 g,0.0 mcg,20 mg,0.4 mg,100 mg,,,,,,,,,,,,,,
Ginger Shrimp Lo Mein,$5.99,16 Oz,160,6 g,1 g,0 g,30 mg,580 mg,20 g,1 g,2 g,2 g Added Sugars,7 g,0.0 mcg,20 mg,0.3 mg,80 mg,,,,,,,,,,,,,,
Chocolate Brooklyn Babka,$5.99,18 Oz,250,12g,3g,0g,50mg,120mg,32g,2g,15g,15g Added Sugars,4g,0mcg,10mg,0.8mg,50mg,,,,,,,,,,,,,,
Roasted Corn,$2.79,16 Oz,110,2.5 g,0.5 g,0 g,0 mg,10 mg,19 g,4 g,7 g,0 g Added Sugars,3 g,0.0 mcg,0 mg,0.4 mg,240 mg,,,,,,,,,,,,,,
Carb Savvy Tortillas made with Whole Wheat,$2.99,9.8 Oz,45 ,1.5 g,0 g,0 g,0 mg,125 mg,9 g,6 g,0 g,0 g Added Sugars,3 g,0.0 mcg,40 mg,0.4 mg,20 mg,,5 g,,,,,,,,,,,,
Sliced Black Truffle Monterey Jack Cheese,$4.99,7.5 Oz,80 ,6 g,3.5 g,0 g,20 mg,160 mg,0 g,0 g,0 g,0 g Added Sugars,5 g,0.2 mcg,200 mg,0.1 mg,20 mg,,,,,,,,,,,,,,
Green Tea and Yuzu Spread,$3.99,7.57 Oz,30 ,0 g,0 g,0 g,0 mg,0 mg,8 g,0 g,7 g,7 g Added Sugars,0 g,0.0 mcg,0 mg,0.0 mg,0 mg,,,,,,,,,,,,,,
Organic Apple Cinnamon Fruit Sauce Crushers,$2.99,12.7 Oz,45 ,0 g,0 g,0 g,0 mg,0 mg,11 g,2 g,8 g,0 g Added Sugars,0 g,0.0 mcg,30 mg,0.5 mg,150 mg,,,25 mg,,,,,,,,,,,
Organic Peanut Butter & Cocoa Crunch,$3.49,10 Oz,160 ,2.5 g,0 g,0 g,0 mg,160 mg,33 g,2 g,11 g,11 g Added Sugars,3 g,0.0 mcg,10 mg,0.9 mg,90 mg,,,,,,,,,,,,,,
Uncured Beef Hot Dogs,$3.99,11 Oz,90 ,4.0 g,2.0 g,0 g,25 mg,530 mg,6 g,0 g,0 g,0 g Added Sugars,8 g,0.0 mcg,10 mg,1.2 mg,140 mg,,,,,,,,,,,,,,
California Roll,$5.99,7.22 Oz,350 ,9 g,1.0 g,0 g,15 mg,730 mg,57 g,2 g,10 g,10 g Added Sugars,8 g,0.0 mcg,70 mg,0.6 mg,330 mg,,,,,,,,,,,,,,
Vegetable Roll,$5.99,6.53 Oz,240 ,3.5 g,0.5 g,0 g,0 mg,810 mg,46 g,3 g,11 g,9 g Added Sugars,5 g,0.1 mcg,50 mg,1.1 mg,250 mg,,,,,,,,,,,,,,
Crispy Jalapeño Pieces,$2.99,5.5 Oz,40 ,2.5 g,0.5 g,0 g,0 mg,25 mg,4 g,0 g,0 g,0 g Added Sugars,less than 1 g,0.0 mcg,0 mg,0.1 mg,10 mg,,,,,,,,,,,,,,
Organic Beets,$1.99,1 Lb,,,,,,,,,,,,,,,,,,,,,,,,,,,,,
Shredded Organic Mozzarella Cheese,$4.99,8 Oz,80,5 g,3.0 g,0 g,15 mg,210 mg,2 g,less than 1 g,0 g,0 g Added Sugars,7 g,0 mcg,190 mg,0 mg,40 mg,,,,,,,,,,,,,,
Kosher Dill Pickles,$2.99,24 Fl Oz,0 ,0 g,0 g,0 g,0 mg,290 mg,less than 1 g,0 g,0 g,0 g Added Sugars,0 g,0.2 mcg,20 mg,0.2 mg,30 mg,,,,,,,,,,,,,,
Green Olive Flats Italian Lingue Crackers,$2.99,5.29 Oz,130 ,5 g,0.5 g,0 g,0 mg,180 mg,17 g,less than 1 g,less than 1 g,0 g Added Sugars,3 g,0.0 mcg,10 mg,0.3 mg,40 mg,,,,,,,,,,,,,,
"Angus Chuck, Brisket & Sirloin Beef Patties",$9.99,21.2 Oz,470 ,39 g,17 g,1.5 g,95 mg,65 mg,0 g,0 g,0 g,0 g Added Sugars,28 g,0.2 mcg,20 mg,2.6 mg,360 mg,,,,,,,,,,,,,,
Peanut Butter with Honey,$2.99,16 Oz,190 ,15 g,2.5 g,0 g,0 mg,120 mg,8 g,2 g,3 g,2 g Added Sugars,7 g,0.0 mcg,20 mg,0.5 mg,190 mg,,,,,,,,,,,,,,
Spinach & Ricotta Raviolini,$3.49,10 Oz,210 ,3.5 g,1.0 g,0 g,20 mg,520 mg,37 g,1 g,6 g,3 g Added Sugars,7 g,0.0 mcg,90 mg,0.9 mg,230 mg,,,,,,,,,,,,,,
Steamed Vegetable Soup Dumplings,$3.49,6 Oz,230 ,9 g,1.0 g,0 g,0 mg,620 mg,36 g,2 g,3 g,2 g Added Sugars,4 g,0.0 mcg,30 mg,1.5 mg,130 mg,,,,,,,,,,,,,,
Dark Chocolate Covered Pistachios,$3.99,6 Oz,160 ,11 g,4.0 g,0 g,0 mg,80 mg,14 g,2 g,10 g,9 g Added Sugars,4 g,0.0 mcg,20 mg,1.7 mg,180 mg,,,,,,,,,,,,,,
Cheddar Macaroni & Cheese,$0.99,7.25 Oz,250 ,1.0 g,0 g,0 g,0 mg,550 mg,52 g,2 g,10 g,0 g Added Sugars,8 g,0.0 mcg,70 mg,2.0 mg,130 mg,,,,,,,,,,,,,,
Tropical Green Tea Instant Boba Kit,$4.99,10.58 Oz,140 ,0 g,0 g,0 g,0 mg,5 mg,33 g,0 g,21 g,12 g Added Sugars,0 g,0.0 mcg,10 mg,0.2 mg,30 mg,,,,,,,,,,,,,,
Panzerotti Pizza Bites,$3.99,11.29 Oz,240 ,9 g,3.5 g,0 g,10 mg,380 mg,32 g,1 g,2 g,0 g Added Sugars,8 g,0.0 mcg,110 mg,0.6 mg,180 mg,,,,,,,,,,,,,,
Pulled Chicken Salsa Verde,$8.99,16 Oz,100 ,2.0 g,0.5 g,0 g,50 mg,690 mg,2 g,0 g,0 g,0 g Added Sugars,18 g,0.1 mcg,10 mg,0.6 mg,140 mg,,,,,,,,,,,,,,
Bacon & Eggs Shaped Sweet Gummy Candies,$1.99,6.35 Oz,120 ,0 g,0 g,0 g,0 mg,0 mg,29 g,0 g,20 g,19 g Added Sugars,0 g,0.0 mcg,0 mg,0.0 mg,0 mg,,,,,,,,,,,,,,
Fresh Mozzarella Cheese Snackers,$3.99,8 Oz,70 ,4.5 g,3.0 g,0 g,15 mg,75 mg,1 g,0 g,0 g,0 g Added Sugars,5 g,0.0 mcg,100 mg,0.0 mg,20 mg,,,,,,,,,,,,,,
Double Chocolate Wafer Cookies,$3.49,8.82 Oz,150 ,8 g,6 g,0 g,0 mg,390 mg,18 g,1 g,8 g,6 g Added Sugars,2 g,0.0 mcg,30 mg,0.0 mg,50 mg,,,,,,,,,,,,,,
Mango Cream Bars,$3.49,15 Fl Oz,220 ,10 g,6 g,0 g,45 mg,40 mg,36 g,less than 1 g,31 g,26 g Added Sugars,4 g,0.2 mcg,90 mg,0.0 mg,180 mg,,,,,,,,,,,,,,
Crispy Battered Calamari,$5.49,16 Oz,240 ,16 g,2.0 g,0 g,140 mg,400 mg,14 g,less than 1 g,0 g,0 g Added Sugars,10 g,4.2 mcg,10 mg,0.4 mg,90 mg,,,,,,,,,,,,,,
Caramelized Onion & Bell Pepper Turkey Patties,$5.99,16 Oz,130 ,4.0 g,1.0 g,0 g,80 mg,360 mg,1 g,0 g,0 g,0 g Added Sugars,22 g,0.5 mcg,10 mg,1.5 mg,360 mg,,,,,,,,,,,,,,
Norwegian Sourdough Rye Chips,$3.29,4.6 Oz,150 ,8 g,0.5 g,0 g,0 mg,140 mg,14 g,3 g,1 g,0 g Added Sugars,3 g,0.0 mcg,10 mg,0.6 mg,110 mg,,,,,,,,,,,,,,
Little Leaf Farms Baby Crispy Green Leaf,$2.99,4 Oz,,,,,,,,,,,,,,,,,,,,,,,,,,,,,
Oven Dried Red & Yellow Bell Pepper Crisps,$1.99,1.41 Oz,90 ,1.5 g,0 g,0 g,0 mg,410 mg,13 g,2 g,19 g,0 g Added Sugars,4 g,0.0 mcg,0 mg,2.9 mg,0 mg,,,,,,,,,,,,,,
Avocado Oil,$6.99,16.9 Fl Oz,120 ,14 g,1.5 g,0 g,,0 mg,0 g,,,,0 g,,,,,,,,2.0 g,10 g,,,,,,,,,
String Cheese,$3.49,12 Oz,,,,,,,,,,,,,,,,,,,,,,,,,,,,,
Organic Chocolate Chip Baked Whole Grain Bar,$4.69,1.27 Oz,150 ,5 g,1.0 g,0 g,0 mg,75 mg,25 g,3 g,11 g,7 g Added Sugars,2 g,0.0 mcg,20 mg,0.9 mg,100 mg,,3 g,,,,0 g,,,,,,,,
Organic Iced Oatmeal Baked Whole Grain Bar,$4.69,1.27 Oz,150 ,5 g,1.0 g,0 g,0 mg,75 mg,25 g,3 g,10 g,6 g Added Sugars,2 g,0.0 mcg,20 mg,0.8 mg,90 mg,,3 g,,,,0 g,,,,,,,,
Mini Shrimp Bao,$4.99,10.48 Oz,170 ,3.0 g,1.0 g,0 g,20 mg,290 mg,30 g,1 g,8 g,6 g Added Sugars,6 g,0.0 mcg,20 mg,0.4 mg,60 mg,,,,,,,,,,,,,,
Ciabatta Baguette,$1.99,11.5 Oz,140 ,1.0 g,0 g,0 g,0 mg,300 mg,27 g,1 g,0 g,0 g Added Sugars,5 g,0.0 mcg,10 mg,1.9 mg,40 mg,,,,,,,,,,,,,,
Ciabatta Demi-Baguette,$1.29,6.2 Oz,140 ,1.0 g,0 g,0 g,0 mg,300 mg,27 g,1 g,0 g,0 g Added Sugars,5 g,0.0 mcg,10 mg,1.9 mg,40 mg,,,,,,,,,,,,,,
Grecian Style Eggplant with Tomatoes & Onions,$2.99,9.9 Oz,140,12 g,2.0 g,0 g,less than 1 mg,390 mg,5 g,2 g,4 g,0.3 g Added Sugars,1 g,,,,,,,,,,,,,,,,,,
Organic Freezer Pops,$3.49,15 Fl Oz,120 ,0 g,0 g,0 g,0 mg,10 mg,30 g,less than 1 g,25 g,0 g Added Sugars,less than 1 g,0.0 mcg,20 mg,0.3 mg,140 mg,,,,,,,,,,,,,,
Lemon Ginger Cheesecake,$7.99,30 Oz,420 ,22 g,13 g,0 g,70 mg,230 mg,52 g,less than 1 g,34 g,31 g Added Sugars,5 g,0.2 mcg,70 mg,2.7 mg,120 mg,,,,,,,,,,,,,,
Everything but the Bagel Cheddar Cheese,$4.99,8 Oz,120 ,10 g,5 g,0 g,30 mg,290 mg,1 g,0 g,0 g,0 g Added Sugars,7 g,0.2 mcg,200 mg,0.1 mg,30 mg,,,,,,,,,,,,,,
Strawberry Yogurt Flavored Coated Almonds,$3.99,8 Oz,180 ,13 g,4.5 g,0 g,0 mg,15 mg,12 g,2 g,9 g,7 g Added Sugars,4 g,0.0 mcg,60 mg,0.6 mg,160 mg,,,,,,,,,,,,,,
Danish Princess Pastry,$4.99,12 Oz,440 ,26 g,11 g,0 g,less than 5 mg,230 mg,46 g,2 g,21 g,15 g Added Sugars,4 g,0.0 mcg,110 mg,0.0 mg,140 mg,,,,,,,,,,,,,,
Beef Rib Eye Steak,$13.99,1 Lb,,,,,,,,,,,,,,,,,,,,,,,,,,,,,
Lemon Herb Macaroni Salad,$3.99,12 Oz,250 ,15 g,2.0 g,0 g,15 mg,830 mg,24 g,2 g,3 g,1 g Added Sugars,5 g,0.1 mcg,50 mg,1.4 mg,160 mg,,,,,,,,,,,,,,
Vidalia Onions,$2.99,2 Lb,,,,,,,,,,,,,,,,,,,,,,,,,,,,,
French Vinaigrette with Shallots,$2.99,11.83 Fl Oz,140 ,14 g,1.5 g,0 g,0 mg,330 mg,1 g,0 g,0 g,0 g Added Sugars,0 g,0.0 mcg,10 mg,0.1 mg,20 mg,,,,,,,,,,,,,,
Coconut Chickpea Curry,$2.49,10 Oz,170 ,8 g,4.0 g,0 g,0 mg,430 mg,19 g,4 g,5 g,0 g Added Sugars,6 g,0.0 mcg,40 mg,1.2 mg,300 mg,,,,,,,,,,,,,,
Chickpea Fusilli Pasta,$2.99,12 Oz,190 ,2.5 g,0 g,0 g,0 mg,0 mg,36 g,6 g,1 g,0 g Added Sugars,11 g,0.0 mcg,40 mg,2.1 mg,450 mg,,,,,,,,,,,,,,
Salsa Verde Chicken Enchiladas,$4.99,16.5 Oz,320 ,11 g,5 g,0 g,75 mg,710 mg,30 g,5 g,2 g,0 g Added Sugars,24 g,0.0 mcg,230 mg,1.3 mg,410 mg,,,,,,,,,,,,,,
Meatless Meatballs,$4.99,16 Oz,140,7 g,0 g,0 g,0 mg,350 mg,9 g,4 g,1 g,0 g Added Sugars,13 g,0.0 mcg,100 mg,2.6 mg,490 mg,,,,,,,,,,,,,,
Perfect Bar ® Peanut Butter Proten Bar,$2.29,2.5 Oz,,,,,,,,,,,,,,,,,,,,,,,,,,,,,
Perfect Bar® Dark Chocolate Chip Peanut Butter Protein Bar,$2.29,2.3 Oz,,,,,,,,,,,,,,,,,,,,,,,,,,,,,
Prosciutto Wrapped Fresh Mozzarella Cheese,$4.99,5 Oz,340 ,22 g,12 g,0 g,110 mg,1000 mg,4 g,0 g,0 g,0 g Added Sugars,30 g,0.0 mcg,530 mg,0.0 mg,0 mg,,,,,,,,,,,,,,
Classic Greek Salad,$3.49,9 Oz,130 ,10 g,1.5 g,0 g,5 mg,290 mg,7 g,2 g,2 g,1 g Added Sugars,3 g,0.0 mcg,50 mg,0.5 mg,200 mg,,,,,,,,,,,,,,
All Occasion Sprinkle,$1.99,3.5 Oz,15 ,0 g,0 g,0 g,0 mg,0 mg,4 g,0 g,3 g,3 g Added Sugars,0 g,0.0 mcg,0 mg,0.0 mg,0 mg,,,,,,,,,,,,,,
Caesar Salad with Salmon,$6.99,8.25 Oz,180 ,15 g,3.5 g,0 g,30 mg,440 mg,3 g,1 g,1 g,0 g Added Sugars,8 g,3.2 mcg,140 mg,0.8 mg,210 mg,,,,,,,,,,,,,,
"Gluten Free 
Pizza Dough",$3.99,16 Oz,90 ,0 g,0 g,0 g,0 mg,70 mg,29 g,1 g,5 g,3 g Added Sugars,2 g,0.0 mcg,40 mg,0.4 mg,60 mg,,,,,,,,,,,,,,
Jumeokbap,$4.99,10.58 Oz,190 ,2.5 g,0 g,0 g,0 mg,460 mg,38 g,2 g,5 g,5 g Added Sugars,5 g,0.1 mcg,10 mg,1.0 mg,90 mg,,,,,,,,,,,,,,
Shrimp Scampi,$8.99,13 Oz,330 ,31 g,20 g,0 g,135 mg,680 mg,2 g,0 g,0 g,0 g Added Sugars,11 g,0.0 mcg,50 mg,0.4 mg,140 mg,,,,,,,,,,,,,,
Calamari Pieces in Olive Oil,$3.99,3.91 Oz,110 ,4.5 g,1.0 g,0 g,195 mg,340 mg,0 g,0 g,0 g,0 g Added Sugars,17 g,0.0 mcg,10 mg,0.2 mg,100 mg,,,,,,,,,,,,,,
Organic Uncured Grass Fed Beef Hot Dogs,$5.99,10 Oz,110 ,10 g,4.5 g,0 g,20 mg,400 mg,less than 1 g,0 g,0 g,0 g Added Sugars,6 g,0.3 mcg,10 mg,0.7 mg,220 mg,,,,,,,,,,,,,,
Dark Chocolate Coffee Buzz Bar,$1.99,3.5 Oz,130 ,9 g,5 g,0 g,0 mg,0 mg,10 g,3 g,8 g,7 g Added Sugars,2 g,0.0 mcg,60 mg,0.9 mg,200 mg,,,,,,,,,,,,,,
Dry Roasted & Salted Almonds,$5.99,1 Lb,,,,,,,,,,,,,,,,,,,,,,,,,,,,,
Shredded 3 Cheese Blend,$4.29,12 Oz,100 ,7 g,4.5 g,0 g,35 mg,180 mg,2 g,0 g,0 g,0 g Added Sugars,7 g,0.0 mcg,180 mg,0.0 mg,20 mg,,,,,,,,,,,,,,
Fresh Cut Pineapple Chunks,$3.99,16 Oz,,,,,,,,,,,,,,,,,,,,,,,,,,,,,
Organic English Cucumber,$2.49,1 Each,,,,,,,,,,,,,,,,,,,,,,,,,,,,,
Grilled Chili LIme Chicken Breast,$7.99,12 Oz,,,,,,,,,,,,,,,,,,,,,,,,,,,,,
Freeze Dried Raspberries,$3.99,1.2 Oz,120 ,1.5 g,0 g,0 g,0 mg,0 mg,28 g,15 g,10 g,0 g Added Sugars,3 g,0.0 mcg,60 mg,1.6 mg,350 mg,,,,,,,,,,,,,,
Milk Chocolate Covered Honeycomb Candy,$3.99,4.6 Oz,150 ,7 g,4.5 g,0 g,0 mg,140 mg,21 g,0 g,21 g,18 g Added Sugars,1 g,0.0 mcg,20 mg,0.8 mg,60 mg,,,,,,,,,,,,,,
Soy Sauce Reduced Sodium,$3.79,17.6 Fl Oz,10 ,0 g,,,,530 mg,1 g,,,,1 g,,,,,,,,,,,,,,,,,,
Potato Salad,$4.99,16 Oz,310 ,24 g,3.5 g,0 g,30 mg,620 mg,23 g,2 g,2 g,0 g Added Sugars,3 g,0.1 mcg,150 mg,0.6 mg,420 mg,,,,,,,,,,,,,,
Dried Australian Red Papaya,$2.99,1.5 Oz,130 ,0 g,0 g,0 g,0 mg,0 mg,30 g,4 g,23 g,,1 g,0.0 mcg,30 mg,0.4 mg,430 mg,,,,,,,0 g Added Sugars,,,,,,,
Belgian Cookie Assortment,$4.99,7.76 Oz,160 ,6 g,3.5 g,0 g,15 mg,130 mg,23 g,less than 1 g,11 g,10 g Added Sugars,2 g,0.8 mcg,10 mg,0.2 mg,50 mg,,,,,,,,,,,,,,
Savory Squares,$3.99,5 Oz,140 ,9 g,0.5 g,0 g,0 mg,230 mg,15 g,less than 1 g,less than 1 g,0 g Added Sugars,3 g,0.0 mcg,20 mg,0.5 mg,100 mg,,,,,,,,,,,,,,
Stir Fry Veggie Blend,$3.49,16 Oz,20 ,0 g,0 g,0 g,0 mg,25 mg,4 g,2 g,2 g,0 g Added Sugars,2 g,0.0 mcg,60 mg,0.7 mg,220 mg,,,,,,,,,,,,,,
Organic 100% Sicilian Lemon Juice,$3.29,8.45 Fl Oz,0 ,0 g,0 g,0 g,0 mg,0 mg,0 g,0 g,0 g,0 g Added Sugars,0 g,0.0 mcg,0 mg,0.0 mg,10 mg,,,,,,,,,,,,,,
Vanilla Cookie Thins,$2.99,9 Oz,120 ,4.0 g,2.0 g,0 g,5 mg,125 mg,18 g,0 g,9 g,9 g Added Sugars,1 g,0.0 mcg,0 mg,0.7 mg,0 mg,,,,,,,,,,,,,,
Sonora Style Flour Tortillas,$2.99,18 Oz,130 ,4.5 g,0 g,0 g,0 mg,180 mg,20 g,less than 1 g,0 g,0 g Added Sugars,2 g,0.0 mcg,90 mg,0.6 mg,30 mg,,,,,,,,,,,,,,
Small Curd Cottage Cheese,$3.99,32 Oz,110 ,5 g,3.0 g,0 g,20 mg,320 mg,5 g,0 g,3 g,0 g Added Sugars,12 g,0.2 mcg,100 mg,0.0 mg,100 mg,,,,,,,,,,,,,,
Sous Vide Turkey Breast Tenderloins,$8.99,16 Oz,100 ,2.5 g,0.5 g,0 g,40 mg,340 mg,less than 1 g,0 g,0 g,0 g Added Sugars,20 g,0.0 mcg,0 mg,0.3 mg,320 mg,,,,,,,,,,,,,,
Sous Vide Chicken Thighs,$8.99,16 Oz,110,5 g,1.0 g,0 g,60 mg,330 mg,0 g,0 g,0 g,0 g Added Sugars,18 g,0.0 mcg,0 mg,0.7 mg,300 mg,,,,,,,,,,,,,,
High Protein Organic Tofu,$2.69,16 Oz,130 ,7 g,1.0 g,0 g,0 mg,15 mg,3 g,0 g,0 g,0 g Added Sugars,14 g,0.0 mcg,60 mg,2.7 mg,110 mg,,,,,,,,,,,,,,
Organic Tricolor Quinoa,$3.49,16 Oz,150 ,2.5 g,0 g,0 g,0 mg,0 mg,27 g,3 g,1 g,0 g Added Sugars,6 g,0.0 mcg,20 mg,1.9 mg,240 mg,,,,,,,,,,,,,,
Gourmet Jelly Beans,$2.49,5 Oz,110 ,0 g,0 g,0 g,0 mg,5 mg,27 g,0 g,22 g,22 g Added Sugars,0 g,0.0 mcg,0 mg,0.0 mg,0 mg,,,,,,,,,,,,,,
Crunchy Peanut Butter Unsalted,$2.49,16 Oz,190 ,16 g,2.5 g,0 g,0 mg,0 mg,7 g,3 g,2 g,0 g Added Sugars,8 g,0.0 mcg,20 mg,0.5 mg,200 mg,,,,3.5 g,8 g,,,,,,,,,
Creamy Peanut Butter Unsalted,$2.49,16 Oz,190 ,16 g,2.5 g,0 g,0 mg,0 mg,7 g,3 g,2 g,0 g Added Sugars,8 g,0.0 mcg,20 mg,0.5 mg,200 mg,,,,3.5 g,9 g,,,,,,,,,
Organic Couscous,$1.79,12 Oz,170 ,0 g,0 g,0 g,0 mg,0 mg,35 g,2 g,0 g,0 g Added Sugars,6 g,0.0 mcg,10 mg,0.5 mg,70 mg,,,,,,,,,,,,,,
Brown Butter Salted Caramel Mini Biscotti,$4.99,9 Oz,120 ,4.0 g,2.5 g,0 g,20 mg,95 mg,18 g,0 g,10 g,9 g Added Sugars,2 g,0.1 mcg,20 mg,0.7 mg,30 mg,,,,,,,,,,,,,,
Apricot Mango Greek Whole Milk Yogurt,$0.99,5.3 Oz,200 ,11 g,7 g,0 g,35 mg,60 mg,20 g,0 g,16 g,9 g Added Sugars,5 g,0.0 mcg,170 mg,0.0 mg,200 mg,,,,,,,,,,,,,,
Japanese Style Fried Rice,$3.79,16 Oz,340 ,7 g,1.0 g,0 g,0 mg,680 mg,58 g,3 g,5 g,3 g Added Sugars,9 g,0.0 mcg,70 mg,1.4 mg,260 mg,,,,,,,,,,,,,,
Breaded Mozzarella Cheese Sticks,$5.49,16 Oz,260 ,15 g,7 g,0 g,25 mg,480 mg,18 g,0 g,1 g,0 g Added Sugars,13 g,0.2 mcg,290 mg,0.4 mg,110 mg,,,,,,,,,,,,,,
Korean Style Beef Short Ribs,$13.99,20 Oz,320,27g,12g,0g,75mg,230mg,2g,0g,,,16g,,,,,,,,,,,,2g,,,,,,
Hot & Spicy Chicken Wings,$6.99,16 Oz,200,14g,4g,0g,65mg,480mg,4g,1g,,,15g,,,,,,,,,,,,,,,,,,
White Cheddar Popcorn,$1.99,5 Oz,170,13 g,2 g,0 g,Less than 5 mg,180 mg,10 g,1 g,2 g,0 g Added Sugars,3 g,0.0 mcg,30 mg,0.2 mg,100 mg,,,,3.0 g,5 g,,,,,,,,,
Honey Roasted Peanuts,$3.49,1 Lb,190 ,14 g,2.5 g,0 g,0 mg,120 mg,7 g,2 g,4 g,3 g Added Sugars,7 g,0.0 mcg,10 mg,0.4 mg,160 mg,,,,4.0 g,7 g,,,,,,,,,
Guava Passion Fruit Greek Whole Milk Yogurt,$0.99,5.3 Oz,180 ,6 g,4.0 g,0 g,25 mg,50 mg,20 g,0 g,17 g,13 g Added Sugars,11 g,0.6 mcg,120 mg,0.2 mg,170 mg,,,,,,,,,,,,,,
Chiles Rellenos con Queso,$5.99,14.4 Oz,330 ,24 g,9 g,0 g,5 mg,870 mg,19 g,2 g,4 g,0 g Added Sugars,9 g,0.0 mcg,120 mg,1.0 mg,300 mg,,,,,,,,,,,,,,
Spicy Tempura Seaweed Snack,$3.29,2.1 Oz,170 ,11 g,2.5 g,0 g,0 mg,270 mg,15 g,2 g,1 g,less than 1g Added Sugars,2 g,0.0 mcg,20 mg,0.4 mg,90 mg,,,,,,,,,,,,,,
Cowboy Caviar Salsa,$3.49,13 Oz,25 ,0 g,0 g,0 g,0 mg,125 mg,6 g,1 g,2 g,1 g Added Sugars,1 g,0.0 mcg,0 mg,0.2 mg,20 mg,,,,,,,,,,,,,,
Roasted & Salted Rosemary Marcona Almonds,$5.99,6 Oz,170 ,15 g,1.0 g,0 g,0 mg,190 mg,6 g,4 g,1 g,0 g Added Sugars,6 g,0.0 mcg,80 mg,1.1 mg,210 mg,,,,3.5 g,10 g,,,,,,,,,
Papas Rellenas,$4.99,14 Oz,240 ,11 g,4.0 g,0 g,20 mg,250 mg,31 g,3 g,2 g,0 g Added Sugars,4 g,0.0 mcg,30 mg,0.6 mg,290 mg,,,,,,,,,,,,,,
Glaze,$2.99,8.45 Fl Oz,35 ,0 g,0 g,0 g,0 mg,15 mg,7 g,0 g,6 g,4 g Added Sugars,0 g,0.0 mcg,10 mg,1.6 mg,40 mg,,,,,,,,,,,,,,
Spicy Meat Pizza,$5.99,18.34 Oz,310 ,16 g,7 g,0 g,25 mg,640 mg,29 g,2 g,5 g,2 g Added Sugars,15 g,2.7 mcg,170 mg,1.3 mg,300 mg,,,,,,,,,,,,,,
Meyer Lemon & Cream Yogurt,$0.69,4 Oz,140,6g,3.5g,0g,15mg,55mg,18g,,16g,12g Added Sugars,4g,,,,,,,,,,,,,,,0g,,,
Dark Choclolate Covered Mini Pretzels,$3.49,12 Oz,140,7 g,4 g,0 g,0 mg,160 mg,19 g,,,9 g Added Sugars,2 g,0 mcg,10 mg,1.4 mg,100 mg,,,,,,,,9 g,,,2 g,,,
Milk Chocolate Covered Mini Pretzels,$3.49,12 Oz,140 ,6 g,4.0 g,0 g,Less than 5 mg,160 mg,19 g,Less than 1 g,11 g,9 g Added Sugars,2 g,0.3 mcg,40 mg,0.5 mg,90 mg,,,,,,,,,,,,,,
Hold The Cone Tips,$3.99,3.53 Oz,150 ,7 g,4.0 g,0 g,0 mg,35 mg,20 g,2 g,11 g,9 g Added Sugars,2 g,0.0 mcg,10 mg,2.4 mg,130 mg,,,,,,,,,,,,,,
Chocolate Hold the Cone! Mini Ice Cream Cones,$3.99,7.9 Oz,260 ,12 g,8 g,0 g,25 mg,60 mg,34 g,2 g,19 g,17 g Added Sugars,4 g,0.0 mcg,240 mg,3.0 mg,180 mg,,,,,,,,,,,,,,
4 Almond Croissants,$5.49,12 Oz,340 ,20 g,11 g,0.5 g,45 mg,220 mg,33 g,2 g,10 g,10 g Added Sugars,6 g,0.3 mcg,30 mg,2.0 mg,90 mg,,,,,,,,,,,,,,
4 Chocolate Croissants,$5.49,12 Oz,320 ,18 g,11 g,0.5 g,40 mg,250 mg,36 g,2 g,11 g,11 g Added Sugars,6 g,0.3 mcg,20 mg,3.0 mg,120 mg,,,,,,,,,,,,,,
Vegetable Bird's Nests,$3.99,10.5 Oz,230 ,12 g,1.5 g,0 g,0 mg,570 mg,27 g,2 g,8 g,6 g Added Sugars,3 g,0.0 mcg,30 mg,0.3 mg,130 mg,,,,,,,,,,,,,,
Steamed Chicken Soup Dumplings,$3.49,6 Oz,250 ,7 g,1.5 g,0 g,45 mg,610 mg,29 g,1 g,,,16 g,,,,,,,,,,,,3 g,,,,,,
Organic Roasted Vegetable Pizza,$4.99,16.08 Oz,330 ,10 g,3.5 g,0 g,10 mg,660 mg,45 g,3 g,7 g,0 g Added Sugars,13 g,0.0 mcg,130 mg,1.0 mg,280 mg,,,,,,,,,,,,,,
Wild Caught Cod Fillets,$10.99,1 Lb,,,,,,,,,,,,,,,,,,,,,,,,,,,,,
Blackened Salmon Seasoned Boneless Fillet,$10.99,1 Lb,230 ,15 g,3.5 g,0 g,60 mg,240 mg,1 g,0 g,0 g,0 g Added Sugars,23 g,12.1 mcg,20 mg,0.6 mg,390 mg,,,,,,,,,,,,,,
Joe's Os Cereal Bars,$2.99,4.23 Oz,120 ,6 g,2.0 g,0 g,0 mg,70 mg,14 g,3 g,7 g,6 g Added Sugars,3 g,0.0 mcg,10 mg,1.1 mg,70 mg,,,,,,,,,,,,,,
Brookie Caramel Candy Clusters,$3.99,6 Oz,110 ,6 g,3.5 g,0 g,10 mg,105 mg,13 g,less than 1 g,10 g,9 g Added Sugars,1 g,0.0 mcg,20 mg,0.9 mg,60 mg,,,,,,,,,,,,,,
Glazed Chocolate Donut Holes,$3.49,6 Oz,240 ,14 g,6 g,0 g,10 mg,200 mg,26 g,less than 1 g,16 g,16 g Added Sugars,1 g,0.1 mcg,20 mg,1.4 mg,160 mg,,,,,,,,,,,,,,
World's Puffiest Sour Cream & Onion Corn Puffs,$2.49,7 Oz,,,,,,,,,,,,,,,,,,,,,,,,,,,,,
Piquant Popcorn,$2.99,5 Oz,140 ,7 g,0.5 g,0 g,0 mg,130 mg,15 g,3 g,0 g,0 g Added Sugars,4 g,0.0 mcg,0 mg,0.7 mg,120 mg,,,,,,,,,,,,,,
Spaghetti Carbonara,$4.29,16 Oz,280 ,14 g,9 g,0 g,45 mg,670 mg,26 g,2 g,4 g,0 g Added Sugars,11 g,0.0 mcg,170 mg,0.6 mg,150 mg,,,,,,,,,,,,,,
Vegan Pepperoni,$4.99,5 Oz,70 ,6 g,1.0 g,0 g,0 mg,310 mg,3 g,0 g,0 g,0 g Added Sugars,4 g,0.0 mcg,20 mg,0.2 mg,100 mg,,,,,,,,,,,,,,
Organic Garlic Bread,$3.99,12 Oz,170 ,5 g,2.5 g,0 g,0 mg,330 mg,25 g,less than 1 g,0 g,0 g Added Sugars,4 g,0.0 mcg,10 mg,0.4 mg,50 mg,,,,,,,,,,,,,,
Yellow Cling Peach Halves,$4.79,24.7 Oz,,,,,,,,,,,,,,,,,,,,,,,,,,,,,
Reduced Guilt Spinach & Kale Greek Yogurt Dip,$4.49,16 Oz,30 ,2.0 g,0 g,0 g,Less than 5 mg,150 mg,2 g,Less than 1 g,Less than 1 g,0 g Added Sugars,1 g,0.0 mcg,40 mg,0.2 mg,70 mg,,,,,,,,,,,,,,
Cauliflower Slims,$3.99,4.5 Oz,100 ,5 g,3 g,0 g,70 mg,260 mg,3 g,2 g,1 g,0 g Added Sugars,9 g,0 mcg,200 mg,0.8 mg,170 mg,,,,,,,,,,,,,,
Black Peppercorns with Grinder,$2.49,1.8 Oz,,,,,,,,,,,,,,,,,,,,,,,,,,,,,
Mini Mochi Rice Nuggets,$1.99,3.5 Oz,200 ,15 g,3.5 g,0 g,0 mg,105 mg,17 g,0 g,0 g,0 g Added Sugars,1 g,0.0 mcg,0 mg,0.0 mg,0 mg,,,,,,,,,,,,,,
Dolmas,$3.49,9.86 Oz,120 ,6 g,1.0 g,0 g,0 mg,420 mg,12 g,2 g,1 g,0 g Added Sugars,2 g,0.0 mcg,50 mg,0.8 mg,60 mg,,,,,,,,,,,,,,
French Vanilla Ice Cream,$4.49,1 Qt,330 ,21 g,12 g,0.5 g,130 mg,65 mg,30 g,0 g,28 g,24 g Added Sugars,5 g,1.0 mcg,150 mg,0.4 mg,140 mg,,,,,,,,,,,,,,
Finely Shredded Lite Mexican Style Cheese Blend,$3.99,12 Oz,80 ,4.0 g,2.5 g,0 g,15 mg,170 mg,2 g,0 g,0 g,0 g Added Sugars,8 g,0 mcg,250 mg,0 mg,20 mg,,,,,,,,,80 mcg,,,,,
Colossal Olives Stuffed with Garlic Cloves,$4.49,16 Fl Oz,15 ,1 g,0 g,0 g,0 mg,150 mg,less than 1 g,1 g,0 g,0 g Added Sugars,0 g,0.0 mcg,10 mg,0.0 mg,10 mg,,,,,,,,,,,,,,
Crunchy Peanut Butter Salted,$2.49,16 Oz,190 ,16 g,2.5 g,0 g,0 mg,140 mg,7 g,3 g,2 g,0 g Added Sugars,8 g,0.0 mcg,20 mg,0.5 mg,200 mg,,,,3.0 g,8 g,,,,,,,,,
The Dark Chocolate Lover's Chocolate Bar,$1.99,3.5 Oz,190 ,15 g,9 g,0 g,0 mg,0 mg,10 g,4 g,5 g,5 g Added Sugars,3 g,0.0 mcg,40 mg,0.6 mg,180 mg,,,,,,,,,,,,,,
Brownie Truffle Baking Mix,$3.79,16 Oz,120 ,2.5 g,1.5 g,0 g,0 mg,65 mg,23 g,1 g,16 g,16 g Added Sugars,1 g,0.1 mcg,10 mg,2.0 mg,140 mg,,,,,,,,,,,,,,
Thai Peanut Satay Sauce,$2.29,8.1 Oz,80 ,4.5 g,2.5 g,0 g,0 mg,270 mg,9 g,less than 1 g,5 g,4 g Added Sugars,2 g,0.0 mcg,10 mg,0.4 mg,80 mg,,,,,,,,,,,,,,
Egg Salad,$4.99,10 Oz,220 ,19 g,3.0 g,0 g,220 mg,330 mg,3 g,less than 1 g,2 g,0 g Added Sugars,7 g,,,,,,,,,,,,,,,,,,
Snickerdoodle Cookies,$4.99,14 Oz,150 ,6 g,3.5 g,0 g,10 mg,220 mg,21 g,0 g,9 g,9 g Added Sugars,2 g,0.1 mcg,10 mg,0.1 mg,60 mg,,,,,,,,,,,,,,
Creamy Spinach & Artichoke Dip,$3.79,8.8 Oz,40 ,3.0 g,1.5 g,0 g,10 mg,125 mg,2 g,0 g,0 g,0 g Added Sugars,2 g,0.0 mcg,50 mg,0.2 mg,80 mg,,,,,,,,,,,,,,
Dark Chocolate Covered Cherries,$5.99,12 Oz,130 ,7 g,4.5 g,0 g,0 mg,0 mg,19 g,2 g,15 g,10 g Added Sugars,1 g,0.0 mcg,20 mg,2.2 mg,130 mg,,,,,,,,,,,,,,
Sea Scallops,$17.99,16 Oz,90 ,0 g,0 g,0 g,30 mg,160 mg,3 g,0 g,0 g,0 g Added Sugars,21 g,0.0 mcg,10 mg,0.0 mg,420 mg,,,,,,,,,,,,,,
Aglio Olio Seasoning Blend,$2.49,1.7 Oz,0 ,0 g,0 g,0 g,0 mg,115 mg,0 g,0 g,0 g,,0 g,0.0 mcg,0 mg,0.1 mg,10 mg,,,,,,,,,,,,0 g Added Sugars,,
Jalapeño & Cream Cheese Crispy Wontons,$4.99,7.5 Oz,300 ,19 g,9 g,0 g,35 mg,460 mg,27 g,3 g,3 g,0 g Added Sugars,6 g,0.0 mcg,70 mg,0.5 mg,120 mg,,,,,,,,,,,,,,
Garlic Shiitake Green Beans,$2.69,10.58 Oz,70 ,2.0 g,0 g,0 g,0 mg,390 mg,11 g,4 g,5 g,2 g Added Sugars,2 g,0.0 mcg,40 mg,0.8 mg,210 mg,,,,,,,,,,,,,,
A Handful of Tiny Dark Chocolate Covered Pretzels,$0.99,2.5 Oz,140 ,6 g,4.0 g,0 g,0 mg,150 mg,19 g,2 g,10 g,10 g Added Sugars,2 g,0.0 mcg,10 mg,1.0 mg,100 mg,,,,,,,,,,,,,,
Uncured Pastrami,$6.49,8 Oz,70 ,2.0 g,1.0 g,0 g,30 mg,440 mg,2 g,Less than 1 g,0 g,0 g Added Sugars,12 g,0.0 mcg,20 mg,1.1 mg,460 mg,,,,,,,,,,,,,,
Double Cream Brie,$7.99,1 Lb,110,10g,6g,0g,25mg,200mg,0g,,0g,0g Added Sugars,5g,,,,,,,,,,,,,,,0g,,,
Organic Seeded Bread,$3.99,24 Oz,140 ,5 g,0.5 g,0 g,0 mg,210 mg,20 g,3 g,4 g,4 g Added Sugars,6 g,0.3 mcg,60 mg,1.3 mg,120 mg,,,,,,,,,,,,,,
All Butter Shortbread Sandwich Cookies with Raspberry Filling,$2.99,5.29 Oz,140 ,6 g,4.0 g,0 g,20 mg,35 mg,20 g,0 g,8 g,8 g Added Sugars,1 g,0.0 mcg,20 mg,0.2 mg,40 mg,,,,,,,,,,,,,,
Chocolate Almond Biscotti,$4.79,8 Oz,110 ,3.5 g,1.0 g,0 g,15 mg,60 mg,18 g,1 g,10 g,10 g Added Sugars,2 g,0.0 mcg,10 mg,0.8 mg,50 mg,,,,,,,,,,,,,,
Rosatella Pasta Sauce,$3.99,14.5 Oz,180,14 g,9 g,0 g,30 mg,640 mg,8 g,2 g,4 g,2 g Added Sugars,3 g,,,,,,,,,,,,,,,,,,
Bourbon Vanilla Bean Paste,$4.99,4 Oz,15 ,0 g,0 g,0 g,0 mg,0 mg,3 g,0 g,3 g,3 g Added Sugars,0 g,0.0 mcg,0 mg,0.0 mg,0 mg,,,,,,,,,,,,,,
Baingan Bharta,$3.49,10 Oz,150 ,12 g,1.5 g,0 g,0 mg,470 mg,13 g,6 g,7 g,0 g Added Sugars,2 g,0.0 mcg,60 mg,1.0 mg,350 mg,,,,,,,,,,,,,,
Pita Bite Crackers,$2.99,6 Oz,130,4.0 g,0 g,0 g,0 mg,150 mg,20 g,less than 1 g,less than 1 g,0 g Added Sugars,3 g,0.0 mcg,10 mg,1.3 mg,40 mg,,,,,,,,,,,,,,
Italian Bomba Hot Pepper Sauce,$3.49,6.7 Oz,60 ,6 g,0.5 g,0 g,0 mg,190 mg,1 g,0 g,Less than 1 g,0 g Added Sugars,0 g,0.0 mcg,10 mg,0.1 mg,40 mg,,,,,,,,,,,,,,
Icelandic Style Skyr Lowfat Raspberry Yogurt,$1.19,5.3 Oz,120 ,2.0 g,1.5 g,0 g,15 mg,50 mg,11 g,0 g,7 g,5 g Added Sugars,15 g,0.0 mcg,150 mg,0.1 mg,170 mg,,,,,,,,,,,,,,
Icelandic Style Skyr Lowfat Cherry Yogurt,$1.19,5.3 Oz,130 ,2.0 g,1.0 g,0 g,15 mg,50 mg,12 g,0 g,7 g,5 g Added Sugars,16 g,0.0 mcg,190 mg,0.0 mg,210 mg,,,,,,,,,,,,,,
Icelandic Style Skyr Lowfat Vanilla Yogurt,$1.19,5.3 Oz,130 ,2.0 g,1.5 g,0 g,15 mg,50 mg,12 g,0 g,8 g,5 g Added Sugars,15 g,0.0 mcg,190 mg,0.0 mg,200 mg,,,,,,,,,,,,,,
Chicken Meatballs,$3.99,12 Oz,150 ,9 g,2.0 g,0 g,80 mg,300 mg,2 g,0 g,0 g,0 g Added Sugars,16 g,0.0 mcg,20 mg,1.3 mg,480 mg,,,,,,,,,,,,,,
Tarte aux Champignons,$4.79,9.52 Oz,290 ,12 g,8 g,0 g,25 mg,640 mg,36 g,3 g,3 g,0 g Added Sugars,10 g,0.0 mcg,170 mg,0.0 mg,170 mg,,,,,,,,,,,,,,
"Shaved Parmesan, Romano & Asiago Cheeses",$3.49,5 Oz,20 ,1.5 g,1.0 g,0 g,less than 5 mg,50 mg,0 g,0 g,0 g,0 g Added Sugars,1 g,0.0 mcg,50 mg,0.0 mg,10 mg,,,,,,,,,,,,,,
Organic Brown Rice & Quinoa Fusilli Pasta,$3.49,16 Oz,200 ,1.5 g,0 g,0 g,0 mg,0 mg,43 g,2 g,Less than 1 g,0 g Added Sugars,4 g,0.0 mcg,10 mg,1.1 mg,160 mg,,,,,,,,,,,,,,
Sweet & Salty Umami Crunchies Rice Crackers,$2.99,6.35 Oz,150 ,9 g,2.0 g,0 g,0 mg,230 mg,17 g,0 g,3 g,3 g Added Sugars,2 g,0.0 mcg,0 mg,0.0 mg,20 mg,,,,,,,,,,,,,,
All Natural Shaved Beef Steak,$10.99,1 Lb,200,13g,4.5g,0g,75mg,85mg,0g,0g,0g,0g Added Sugars,21g,0mcg,,2.5mg,340mg,,,,,,,,,,,,,10mg,
Double Cream Gouda Cheese,$9.99,1 Lb,110,9g,6g,0g,30mg,200mg,2g,,0g,0g Added Sugars,5g,,,,,,,,,,,,,,,0g,,,
Feta Cheese,$3.49,8 Oz,70 ,4.5 g,3.0 g,0 g,20 mg,310 mg,0 g,0 g,0 g,0 g Added Sugars,5 g,0.0 mcg,80 mg,0.0 mg,30 mg,,,,,,,,,,,,,,
Papadums Lentil and Chickpea Crisps,$2.69,5 Oz,140 ,8 g,4.0 g,0 g,0 mg,210 mg,13 g,3 g,1 g,0 g Added Sugars,5 g,0.0 mcg,30 mg,1.1 mg,250 mg,,,,,,,,,,,,,,
Sweetened Green Mango,$2.49,6 Oz,140 ,0 g,0 g,0 g,0 mg,60 mg,35 g,1 g,28 g,11 g Added Sugars,0 g,0.0 mcg,40 mg,0.2 mg,20 mg,,,,,,,,,,,,,,
Fruits & Greens Smoothie Blend,$3.99,16 Oz,80 ,0.5 g,0 g,0 g,0 mg,15 mg,19 g,4 g,12 g,0 g Added Sugars,2 g,0.0 mcg,40 mg,0.8 mg,310 mg,,,,,,,,,,,,,,
Tortilla Española,$5.49,21.16 Oz,150 ,7 g,1.0 g,0 g,145 mg,320 mg,15 g,2 g,2 g,0 g Added Sugars,5 g,0.2 mcg,30 mg,0.8 mg,320 mg,,,,,,,,,,,,,,
Rice Vinegar,$2.49,16.9 Fl Oz,0 ,0 g,,,,0 mg,0 g,,,,0 g,,,,,,,,,,,,,,,,,,
Spicy Peanutty Noodle Bowl with Chicken,$3.49,10.8 Oz,500 ,23 g,3.5 g,0 g,35 mg,820 mg,55 g,4 g,15 g,13 g Added Sugars,19 g,0.1 mcg,70 mg,13.0 mg,490 mg,,,,,,,,,,,,,,
Organic Ground Black Pepper,$1.99,2 Oz,,,,,,,,,,,,,,,,,,,,,,,,,,,,,
Sea Salt Fine Crystals,$1.99,26.5 Oz,0 ,0 g,0 g,0 g,0 mg,590 mg,0 g,0 g,0 g,0 g Added Sugars,0 g,0.0 mcg,0 mg,0.0 mg,0 mg,,,,,,,,,,,,,,
Wild Sockeye Smoked Salmon,$7.99,4 Oz,80,3 g,0 g,0 g,15 mg,740 mg,0 g,0 g,0 g,0 g Added Sugars,13 g,17.8 mcg,0 mg,0.2 mg,240 mg,,,,,,,,,,,,,,
Whipped Cream Cheese,$2.29,8 Oz,70 ,7 g,4.0 g,0 g,20 mg,70 mg,1 g,0 g,less than 1 g,0 g Added Sugars,1 g,0 mcg,0 mg,0 mg,0 mg,,,,,,,,,,,,,,
Cream Cheese,$1.99,8 Oz,90 ,9 g,6 g,0 g,30 mg,95 mg,2 g,0 g,1 g,0 g Added Sugars,1 g,0 mcg,27 mg,0 mg,0 mg,,,,,,,,,,,,,,
Everything Bagels,$2.99,18 Oz,,,,,,,,,,,,,,,,,,,,,,,,,,,,,
Plain Bagels,$2.49,18 Oz,,,,,,,,,,,,,,,,,,,,,,,,,,,,,
,$1.79,12 Oz,,,,,,,,,,,,,,,,,,,,,,,,,,,,,
Hardwood Smoked Pulled Pork,$8.99,16 Oz,200 ,11 g,4.0 g,0 g,70 mg,115 mg,4 g,0 g,3 g,3 g Added Sugars,20 g,0.8 mcg,20 mg,1.2 mg,280 mg,,,,,,,,,,,,,,
Beef Bulgogi,$11.99,16 Oz,280 ,16 g,7 g,1.0 g,65 mg,740 mg,13 g,0 g,9 g,9 g Added Sugars,21 g,0.1 mcg,20 mg,2.5 mg,280 mg,,,,,,,,,,,,,,
Hardwood Smoked Pulled Chicken,$8.99,16 Oz,110 ,2.0 g,0.5 g,0 g,70 mg,200 mg,less than 1 g,0 g,0 g,0 g Added Sugars,21 g,0.0 mcg,0 mg,0.4 mg,280 mg,,,,,,,,,,,,,,
Meatless Breakfast Sausage Patties,$3.99,8 Oz,70 ,3.0 g,0 g,0 g,0 mg,210 mg,4 g,2 g,0 g,0 g Added Sugars,7 g,0.0 mcg,30 mg,0.9 mg,160 mg,,,,,,,,,,,,,,
Vegan Heavy Whipping Cream Alternative,$3.99,16.9 Fl Oz,45 ,4.5 g,3.5 g,0 g,0 mg,5 mg,0 g,0 g,0 g,0 g Added Sugars,0 g,0.0 mcg,0 mg,0.0 mg,0 mg,,,,,,,,,,,,,,
Josie's Mandarins,$3.49,2 Lb,,,,,,,,,,,,,,,,,,,,,,,,,,,,,
Olive Fougasse,$3.49,12 Oz,130 ,2.0 g,0 g,0 g,0 mg,340 mg,24 g,1 g,0 g,0 g Added Sugars,4 g,0.0 mcg,10 mg,1.9 mg,40 mg,,,,,,,,,,,,,,
Family Style Meat Lasagna,$6.99,32 Oz,320 ,14 g,7 g,0 g,55 mg,720 mg,26 g,2 g,5 g,less than 1 g Added Sugars,21 g,0.1 mcg,250 mg,1.6 mg,460 mg,,,,,,,,,,,,,,
Herbes de Provence Triangles,$2.49,2.11 Oz,150 ,8 g,5 g,0 g,20 mg,330 mg,18 g,less than 1 g,less than 1 g,0 g Added Sugars,2 g,0.0 mcg,10 mg,0.5 mg,40 mg,,,,,,,,,,,,,,
Chicken Shawarma Bowl,$3.99,11.3 Oz,400 ,12 g,3.5 g,0 g,45 mg,720 mg,52 g,4 g,3 g,2 g Added Sugars,20 g,0.4 mcg,90 mg,1.6 mg,540 mg,,,,,,,,,,,,,,
Raspberry Croissant Carré,$5.99,11.29 Oz,180 ,6 g,4.0 g,0 g,20 mg,170 mg,25 g,less than 1 g,12 g,11 g Added Sugars,3 g,0.1 mcg,20 mg,0.3 mg,50 mg,,,,,,,,,,,,,,
Organic Ground Cinnamon,$1.99,1.5 Oz,,,,,,,,,,,,,,,,,,,,,,,,,,,,,
Cinnamon Sticks,$2.99,1 Oz,0,0g,,,,0mg,0g,,,,0g,,,,,,,,,,,,,,,,,,
Petite Peas,$1.79,16 Oz,,,,,,,,,,,,,,,,,,,,,,,,,,,,,
Organic Conversation Olive Trio,$3.49,12.35 Oz,25 ,2.0 g,0 g,0 g,0 mg,120 mg,1 g,less than 1 g,0 g,0 g Added Sugars,0 g,0.0 mcg,10 mg,0.0 mg,10 mg,,,,,,,,,,,,,,
Non-Dairy Cinnamon Bun Oat Creamer,$1.99,16 Fl Oz,25 ,0.5 g,0 g,0 g,0 mg,25 mg,4 g,0 g,4 g,4 g Added Sugars,0 g,0.0 mcg,0 mg,0.0 mg,10 mg,,,,,,,,,,,,,,
Herbes de Provence Potato Wedges,$3.79,16 Oz,190 ,11 g,2.0 g,0 g,0 mg,115 mg,19 g,3 g,less than 1 g,0 g Added Sugars,3 g,0.0 mcg,20 mg,0.9 mg,720 mg,,,,,,,,,,,,,,
Baked Pizza Flavored Pillow Crisps,$1.99,3.5 Oz,130 ,3.0 g,0 g,0 g,0 mg,260 mg,20 g,1 g,0 g,0 g Added Sugars,4 g,0.0 mcg,10 mg,0.4 mg,80 mg,,,,,,,,,,,,,,
Triple Ginger Snaps,$4.49,14 Oz,120 ,4.5 g,2.5 g,0 g,15 mg,180 mg,18 g,0 g,9 g,9 g Added Sugars,1 g,0.0 mcg,4 mg,1 mg,9 mg,,,,,,,,,,,,,,
Classic Bitters,$4.99,3.38 Fl Oz,,,,,,,,,,,,,,,,,,,,,,,,,,,,,
Organic Pumpkin,$2.49,15 Oz,,,,,,,,,,,,,,,,,,,,,,,,,,,,,
Apple Blossoms,$2.49,8 Oz,340 ,17 g,8 g,0 g,10 mg,300 mg,43 g,2 g,16 g,11 g Added Sugars,4 g,0.0 mcg,10 mg,1.5 mg,100 mg,,,,,,,,,,,,,,
Dutch Griddle Cakes,$3.49,14.11 Oz,350 ,21 g,2.0 g,0 g,60 mg,280 mg,34 g,1 g,15 g,13 g Added Sugars,6 g,0.0 mcg,80 mg,0.7 mg,130 mg,,,,,,,,,,,,,,
Frooze Balls Peanut Butter & Jelly,$1.99,2.5 Oz,,,,,,,,,,,,,,,,,,,,,,,,,,,,,
Frooze Balls Caramel Choc Peanut Butter,$1.99,2.5 Oz,,,,,,,,,,,,,,,,,,,,,,,,,,,,,
Peanut Butter Overnight Oats,$1.99,5.5 Oz,270 ,10 g,2.0 g,0 g,0 mg,210 mg,34 g,6 g,13 g,0 g Added Sugars,12 g,0.0 mcg,30 mg,1.5 mg,290 mg,,,,,,,,,,,,,,
Apple Overnight Oats,$1.99,5.5 Oz,250 ,6 g,0.5 g,0 g,0 mg,190 mg,42 g,5 g,21 g,0 g Added Sugars,6 g,0.0 mcg,50 mg,1.8 mg,330 mg,,,,,,,,,,,,,,
Mashed Sweet Potatoes,$2.99,18 Oz,110 ,0 g,0 g,0 g,0 mg,40 mg,25 g,4 g,8 g,0 g Added Sugars,2 g,0.0 mcg,40 mg,1.0 mg,320 mg,,,,,,,,,,,,,,
Sweetened Dried Cranberries,$1.99,8 Oz,140 ,0 g,0 g,0 g,0 mg,0 mg,35 g,2 g,27 g,24 g Added Sugars,0 g,0.0 mcg,0 mg,0.1 mg,20 mg,,,,,,,,,,,,,,
1000 Day Gouda Cheese,$12.99,1 Lb,120,10g,7g,0g,30mg,270mg,0g,0g,0g,0g Added Sugars,8g,,,,,,,,,,,,,,,,,,
Ciabatta Rolls,$1.99,12 Oz,210 ,1.5 g,0 g,0 g,0 mg,460 mg,41 g,2 g,0 g,0 g Added Sugars,7 g,0.0 mcg,10 mg,2.8 mg,60 mg,,,,,,,,,,,,,,
Shredded Mozzarella Cheese,$4.29,16 Oz,80 ,5.0 g,3.0 g,0 g,15 mg,150 mg,1 g,0 g,0 g,,8 g,0 mcg,210 mg,0 mg,20 mg,,,,,,,,,,,,,,0 g Added Sugars
Roasted Hatch Chile & Jalapeño Cheese Dip,$4.99,10 Oz,60 ,5 g,3.5 g,0 g,15 mg,150 mg,2 g,0 g,less than 1 g,0 g Added Sugars,2 g,0.2 mcg,50 mg,0.0 mg,40 mg,,,,,,,,,,,,,,
Kung Pao Brussels Sprouts,$5.99,14 Oz,120 ,5 g,0.5 g,0 g,0 mg,360 mg,15 g,3 g,7 g,5 g Added Sugars,3 g,0.0 mcg,40 mg,1.1 mg,360 mg,,,,,,,,,,,,,,
Super Chocolatey Chocolate Chunk Cookie Dough,$4.99,14.4 Oz,140 ,6 g,3.5 g,0 g,15 mg,135 mg,23 g,less than 1 g,14 g,14 g Added Sugars,2 g,0.1 mcg,10 mg,1.3 mg,20 mg,,,,,,,,,,,,,,
Premium Chunk White Chicken,$3.99,12.5 Oz,70,1.5g,0g,0g,40mg,250mg,0g,0g,,,12g,,,,,,,,,,,,0g,,,,,,
Mirepoix,$3.49,14.5 Oz,30,0 g,0 g,0 g,0 mg,45 mg,6 g,2 g,3 g,0 g Added Sugars,1 g,0.0 mcg,27 mg,0 mg,207 mg,,,,,,,,,,,,,,
Chicken Breakfast Sausage Patties,$2.99,7.8 Oz,140 ,9 g,2.0 g,0 g,70 mg,390 mg,1 g,0 g,0 g,0 g Added Sugars,13 g,0.0 mcg,20 mg,1.1 mg,460 mg,,,,,,,,,,,,,,
Super Chocolatey Gluten Free Chocolate Chunk Cookie Dough,$4.99,16 Oz,170 ,9 g,4.5 g,0 g,10 mg,150 mg,22 g,less than 1 g,12 g,12 g Added Sugars,less than 1 g,0.2 mcg,10 mg,0.9 mg,40 mg,,,,,,,,,,,,,,
